date,file,field,issue,original,correction,reason,source
2026-09-02,pipeline_inventory.csv / pipelines.csv / pipeline_inventory.xlsx / pipeline_states.csv,universe,"Four mutually inconsistent pipeline universes (21, 25, 71, 98 IDs)",21 / 25 / 71 / 98 rows,99 rows in data_processed/pipeline_master.csv,"The 25-row file was bounded by a page break in the source PDF, not by any inclusion criterion; it is Operational CC rows 1-16 plus all 10 UC CC, missing page 4. None of the four had a stated rule.","20251231_NGPL.pdf, all 9 tables; totals reconcile to the register's own page-1 subtotals"
2026-09-02,pipeline_inventory.csv,route points,Start Point / End Point / Intermediate Points are not in the source,~65 place names,field removed; 63 names published in unsourced_locations.csv,"Full-text search of the register found 39 of the names nowhere in it; ~10 more occur only as CGD Geographical Area names, which are not route points.",20251231_NGPL.pdf full-text search
2026-09-04,pipeline_nodes.csv,coordinates,"Node coordinates of unknown provenance, 4 badly wrong",Hazira 29.15N 75.72E (Haryana),Hazira 21.1162N 72.6518E (Gujarat),"Selecting among in-state homonyms by population placed Hazira 945 km from the true location. Rule replaced: unique in-state match, or independent agreement within 25 km, else AMBIGUOUS.","GeoNames IN.txt, state-constrained; legacy table used only to corroborate"
2026-09-04,pipeline_nodes.csv,coordinates,"Vijaipur, Mallavaram, Jagdishpur misplaced",off by 500 / 240 / 43 km,corrected or set to AMBIGUOUS,Same population-tiebreak defect as Hazira. Vijaipur has no populated-place entry at all and is now unresolved rather than guessed.,GeoNames IN.txt; 04_geocode_nodes.py
2026-09-04,pipeline_master.csv,n_states_verbatim,"A Category-C derived count inside a Category-A table, and wrong","17.05 = 6, 5.15 = 3",column removed,"Counting on '&' split single state names: 'UT of Dadra & Nagar Haveli and Daman & Diu' is one state, 'Meghalaya & Sikkim' is two. True values 3 and 2. Now computed on demand by ngpl_paths.normalise_states().","20251231_NGPL.pdf states column, read verbatim"
2026-09-04,pipeline_curved_line_routes.geojson,geometry,Reconstructed curved routes leave Indian territory,17.20 passes 40 km inside Nepal and 400 km into the Bay of Bengal; 17.05 reaches 130 km into the Arabian Sea,file rejected and removed,"Free Bezier arcs, not alignments. Only 28% of 17.05 and 35% of 17.20 intersected Indian land. All layers derived from them are invalidated.",Geometric inspection against national boundary
2026-09-04,5.11.NGPL,waypoints,'Kanai - Chhata - Panitar' read as three waypoints,3 waypoints,"2 waypoints (Kanai Chhata, Panitar)","'Kanai Chhata' is a single locality near Contai, Purba Medinipur, West Bengal. The Dec-2025 register cannot settle this on its own, so the split is externally sourced and cited.",PNGRB NGPL register 02-12-2022 release; Global Energy Monitor gem.wiki
2026-09-06,10_validate_master.py,validation,Validator reported success on a partial run,'ALL CHECKS PASSED' on 34 of 43 checks,skips tracked as first-class; prints INCOMPLETE and exits 1,The two skipped groups were the only ones comparing the master against an independent source. Internal consistency alone passes on a silently altered value.,"Mutation testing: 13 corrupted masters, 2 initially passed"
2026-09-06,04_geocode_nodes.py,validation,Reported '0 nodes disagree with legacy by >25 km' when zero comparisons had run,0 disagreements,"DID NOT RUN, reported as a non-pass",Legacy files were not found under the hard-coded names. A check that did not run was rendered as a check that passed - the third occurrence of this failure mode on this project.,Direct inspection after the reported result proved unreproducible
2026-09-15,gis/pipeline_routes.geojson,geometry,No honest route geometry existed after the curved arcs were rejected,none,"24 MultiLineString features, 39 two-vertex geodesic segments","Built only between resolved nodes. Gapped pairs contribute no geometry, so a route broken by an unresolved node is visibly discontinuous rather than silently bridged.","pipeline_nodes.csv (GeoNames, state-constrained) + pipeline titles in 20251231_NGPL.pdf"
2026-09-15,12_validate_routes.py,validation,NA-discipline checks silently tested nothing,'NA' read back as NaN; .astype(str) yielded 'nan',"read with keep_default_na=False, na_values=[], dtype=str",Pandas' default na_values contains the literal string 'NA'. Four checks whose purpose is to stop a missing value being written as 0 were comparing against the wrong string.,Found by fixture run; 14/14 mutations now caught
2026-09-15,scripts/,reproducibility,Package could not be regenerated from itself,3 of 13 scripts present in scripts/,all 13 scripts plus ngpl_paths.py,Outputs were distributed without the code that produced them. A data package whose outputs cannot be regenerated fails reproducibility review regardless of how well the outputs validate.,Directory listing of the delivered package
2026-09-15,scripts/*.py,paths,Twelve hard-coded copies of the package root; three divergent state normalisers,"ROOT = os.environ.get('NGPL_ROOT', '/content/drive/MyDrive/ngpl-india-network')","scripts/ngpl_paths.py, imported by all",The hard-coded default assumed Colab and Drive in a package also run from a Windows desktop. The duplicated normaliser was separately buggy in each copy.,Consolidation; normaliser regression-tested on all known compound state names
2026-09-15,data_processed/pipeline_offtakes.csv,whole table,The link between the transmission network and the CGD networks was never transcribed,not present,115 tap-off rows from register pages 9-13 and 17-18,The STPL tables are the only place the register connects trunk pipelines to distribution areas. Transcribed as literal data; correctness demonstrated by reproducing the register's printed 558 km total for each of the two tables.,"20251231_NGPL.pdf pp. 9-13 (operational, 558.032 km) and pp. 17-18 (under construction, 557.802 km)"
2026-09-15,data_processed/pipeline_offtakes.csv,pipeline_id,A tap-off could be re-pointed at a different pipeline of the same operator without any check failing,pipeline_name_matched held a paraphrase,"holds the register's own name, copied from pipeline_master.csv",Found by mutation testing: changing 17.03 to 17.20 passed every check because both are GAIL. Exact equality between id and name now catches it (O-13).,"Mutation test, 15 corrupted copies"
2026-09-15,data_processed/pipeline_state_coverage.csv,whole table,Route points missing from pipeline names were suspected but not demonstrated,"flagged only as a high length ratio, cause unknown",8 pipelines proven from the register's own two columns; 4 explicitly excluded as inconclusive,"The register states route points in the pipeline name and states crossed in a separate column. Where a recorded state cannot be entered by any named point, the name is incomplete. Source-internal and verifiable from the public PDF without code.","20251231_NGPL.pdf, pipeline names and States Covered column; corroborated by the acronym ETBPNMTPL for 5.08 on p.17"
2026-09-15,data_processed/pipeline_edges.csv,whole table,No edge list existed; the 8 connections with no geometry risked being dropped,not present,"47 edges, all published, 8 with geometry_available=FALSE","Dropping geometry-less edges would make the network appear better connected than the register states and would delete Vijaipur, an interconnection on three pipelines, from the topology entirely.",route_segments.csv + pipeline names in 20251231_NGPL.pdf
2026-09-15,data_processed/node_vulnerability.csv,whole table,The dataset described a network but never analysed it,not present,"56 nodes with centrality, cut-point status and node-removal impact, every metric computed twice",Every figure is given over the topology the register states AND over the topology the dataset can draw. Reporting only the drawable graph would claim the network is broken where in fact the data is; reporting only the stated graph would overstate what the dataset supports. The difference between them is the uncertainty caused by the five unlocated nodes.,pipeline_edges.csv + pipeline_nodes.csv; algorithms cross-checked against networkx
2026-09-15,scripts/14_build_vulnerability.py,betweenness,Hand-written Brandes betweenness was exactly 2x the correct value,Uran 0.4646,Uran 0.2323,"On an undirected graph Brandes visits every pair from both ends, so the accumulated score must be halved before normalising. No rank changed, so the printed report looked correct; found only by the independent networkx cross-check in 15_validate_vulnerability.py.","networkx betweenness_centrality(normalized=True), agreement now within 1e-6"
2026-09-15,data_processed/node_vulnerability.csv,interconnection_basis,Treating pipelines that share a place name as physically connected is an inference the register never states,implicit in the graph,stated on every row of both vulnerability tables,"Uran is named by four pipelines, so the graph has them meeting there. If any pair passes through without a tie-in, the graph contains a connection that does not exist and every centrality figure shifts. Recorded as the largest threat to this step's validity.",README 8.10
