pipeline_id,seq,node_name,role,node_type,state_ut,latitude,longitude,coordinate_source,coordinate_method,coordinate_accuracy,coordinate_date,name_source,provenance_category
17.03.NGPL,1,Hazira,origin,TBD_step2b,TBD_step2b,,,NOT_SOURCED,NOT_SOURCED,NOT_SOURCED,,pipeline_name (PNGRB register),A
17.03.NGPL,2,Vijaipur,intermediate,TBD_step2b,TBD_step2b,,,NOT_SOURCED,NOT_SOURCED,NOT_SOURCED,,pipeline_name (PNGRB register),A
17.03.NGPL,3,Jagdishpur,intermediate,TBD_step2b,TBD_step2b,,,NOT_SOURCED,NOT_SOURCED,NOT_SOURCED,,pipeline_name (PNGRB register),A
17.03.NGPL,4,Dahej,terminus,TBD_step2b,TBD_step2b,,,NOT_SOURCED,NOT_SOURCED,NOT_SOURCED,,pipeline_name (PNGRB register),A
17.11.NGPL,1,Dahej,origin,TBD_step2b,TBD_step2b,,,NOT_SOURCED,NOT_SOURCED,NOT_SOURCED,,pipeline_name (PNGRB register),A
17.11.NGPL,2,Vijaipur,intermediate,TBD_step2b,TBD_step2b,,,NOT_SOURCED,NOT_SOURCED,NOT_SOURCED,,pipeline_name (PNGRB register),A
17.11.NGPL,3,Dadri,terminus,TBD_step2b,TBD_step2b,,,NOT_SOURCED,NOT_SOURCED,NOT_SOURCED,,pipeline_name (PNGRB register),A
17.04.NGPL,1,Kakinada,origin,TBD_step2b,TBD_step2b,,,NOT_SOURCED,NOT_SOURCED,NOT_SOURCED,,pipeline_name (PNGRB register),A
17.04.NGPL,2,Hyderabad,intermediate,TBD_step2b,TBD_step2b,,,NOT_SOURCED,NOT_SOURCED,NOT_SOURCED,,pipeline_name (PNGRB register),A
17.04.NGPL,3,Uran,intermediate,TBD_step2b,TBD_step2b,,,NOT_SOURCED,NOT_SOURCED,NOT_SOURCED,,pipeline_name (PNGRB register),A
17.04.NGPL,4,Ahmedabad,terminus,TBD_step2b,TBD_step2b,,,NOT_SOURCED,NOT_SOURCED,NOT_SOURCED,,pipeline_name (PNGRB register),A
17.05.NGPL,1,Dahej,origin,TBD_step2b,TBD_step2b,,,NOT_SOURCED,NOT_SOURCED,NOT_SOURCED,,pipeline_name (PNGRB register),A
17.05.NGPL,2,Uran,intermediate,TBD_step2b,TBD_step2b,,,NOT_SOURCED,NOT_SOURCED,NOT_SOURCED,,pipeline_name (PNGRB register),A
17.05.NGPL,3,Panvel,intermediate,TBD_step2b,TBD_step2b,,,NOT_SOURCED,NOT_SOURCED,NOT_SOURCED,,pipeline_name (PNGRB register),A
17.05.NGPL,4,Dabhol,terminus,TBD_step2b,TBD_step2b,,,NOT_SOURCED,NOT_SOURCED,NOT_SOURCED,,pipeline_name (PNGRB register),A
17.10.NGPL,1,Dadri,origin,TBD_step2b,TBD_step2b,,,NOT_SOURCED,NOT_SOURCED,NOT_SOURCED,,pipeline_name (PNGRB register),A
17.10.NGPL,2,Panipat,terminus,TBD_step2b,TBD_step2b,,,NOT_SOURCED,NOT_SOURCED,NOT_SOURCED,,pipeline_name (PNGRB register),A
17.14.NGPL,1,Uran,origin,TBD_step2b,TBD_step2b,,,NOT_SOURCED,NOT_SOURCED,NOT_SOURCED,,pipeline_name (PNGRB register),A
17.14.NGPL,2,Trombay,terminus,TBD_step2b,TBD_step2b,,,NOT_SOURCED,NOT_SOURCED,NOT_SOURCED,,pipeline_name (PNGRB register),A
18.02.NGPL,1,Hazira,origin,TBD_step2b,TBD_step2b,,,NOT_SOURCED,NOT_SOURCED,NOT_SOURCED,,pipeline_name (PNGRB register),A
18.02.NGPL,2,Ankleshwar,terminus,TBD_step2b,TBD_step2b,,,NOT_SOURCED,NOT_SOURCED,NOT_SOURCED,,pipeline_name (PNGRB register),A
5.05.NGPL,1,Shahdol,origin,TBD_step2b,TBD_step2b,,,NOT_SOURCED,NOT_SOURCED,NOT_SOURCED,,pipeline_name (PNGRB register),A
5.05.NGPL,2,Phulpur,terminus,TBD_step2b,TBD_step2b,,,NOT_SOURCED,NOT_SOURCED,NOT_SOURCED,,pipeline_name (PNGRB register),A
17.18.NGPL,1,Dukli,origin,TBD_step2b,TBD_step2b,,,NOT_SOURCED,NOT_SOURCED,NOT_SOURCED,,pipeline_name (PNGRB register),A
17.18.NGPL,2,Maharajganj,terminus,TBD_step2b,TBD_step2b,,,NOT_SOURCED,NOT_SOURCED,NOT_SOURCED,,pipeline_name (PNGRB register),A
17.19.NGPL,1,Uran,origin,TBD_step2b,TBD_step2b,,,NOT_SOURCED,NOT_SOURCED,NOT_SOURCED,,pipeline_name (PNGRB register),A
17.19.NGPL,2,Taloja,terminus,TBD_step2b,TBD_step2b,,,NOT_SOURCED,NOT_SOURCED,NOT_SOURCED,,pipeline_name (PNGRB register),A
17.09.NGPL,1,Chainsa,origin,TBD_step2b,TBD_step2b,,,NOT_SOURCED,NOT_SOURCED,NOT_SOURCED,,pipeline_name (PNGRB register),A
17.09.NGPL,2,Jhajjar,intermediate,TBD_step2b,TBD_step2b,,,NOT_SOURCED,NOT_SOURCED,NOT_SOURCED,,pipeline_name (PNGRB register),A
17.09.NGPL,3,Hissar,terminus,TBD_step2b,TBD_step2b,,,NOT_SOURCED,NOT_SOURCED,NOT_SOURCED,,pipeline_name (PNGRB register),A
17.12.NGPL,1,Dadri,origin,TBD_step2b,TBD_step2b,,,NOT_SOURCED,NOT_SOURCED,NOT_SOURCED,,pipeline_name (PNGRB register),A
17.12.NGPL,2,Bawana,intermediate,TBD_step2b,TBD_step2b,,,NOT_SOURCED,NOT_SOURCED,NOT_SOURCED,,pipeline_name (PNGRB register),A
17.12.NGPL,3,Nangal,terminus,TBD_step2b,TBD_step2b,,,NOT_SOURCED,NOT_SOURCED,NOT_SOURCED,,pipeline_name (PNGRB register),A
5.01.NGPL,1,Mehsana,origin,TBD_step2b,TBD_step2b,,,NOT_SOURCED,NOT_SOURCED,NOT_SOURCED,,pipeline_name (PNGRB register),A
5.01.NGPL,2,Bhatinda,terminus,TBD_step2b,TBD_step2b,,,NOT_SOURCED,NOT_SOURCED,NOT_SOURCED,,pipeline_name (PNGRB register),A
5.02.NGPL,1,Bhatinda,origin,TBD_step2b,TBD_step2b,,,NOT_SOURCED,NOT_SOURCED,NOT_SOURCED,,pipeline_name (PNGRB register),A
5.02.NGPL,2,Gurdaspur,terminus,TBD_step2b,TBD_step2b,,,NOT_SOURCED,NOT_SOURCED,NOT_SOURCED,,pipeline_name (PNGRB register),A
5.03.NGPL,1,Mallavaram,origin,TBD_step2b,TBD_step2b,,,NOT_SOURCED,NOT_SOURCED,NOT_SOURCED,,pipeline_name (PNGRB register),A
5.03.NGPL,2,Bhopal,intermediate,TBD_step2b,TBD_step2b,,,NOT_SOURCED,NOT_SOURCED,NOT_SOURCED,,pipeline_name (PNGRB register),A
5.03.NGPL,3,Bhilwara,intermediate,TBD_step2b,TBD_step2b,,,NOT_SOURCED,NOT_SOURCED,NOT_SOURCED,,pipeline_name (PNGRB register),A
5.03.NGPL,4,Vijaipur,terminus,TBD_step2b,TBD_step2b,,,NOT_SOURCED,NOT_SOURCED,NOT_SOURCED,,pipeline_name (PNGRB register),A
17.16.NGPL,1,Dabhol,origin,TBD_step2b,TBD_step2b,,,NOT_SOURCED,NOT_SOURCED,NOT_SOURCED,,pipeline_name (PNGRB register),A
17.16.NGPL,2,Bangalore,terminus,TBD_step2b,TBD_step2b,,,NOT_SOURCED,NOT_SOURCED,NOT_SOURCED,,pipeline_name (PNGRB register),A
17.15.NGPL,1,Kochi,origin,TBD_step2b,TBD_step2b,,,NOT_SOURCED,NOT_SOURCED,NOT_SOURCED,,pipeline_name (PNGRB register),A
17.15.NGPL,2,Koottanad,intermediate,TBD_step2b,TBD_step2b,,,NOT_SOURCED,NOT_SOURCED,NOT_SOURCED,,pipeline_name (PNGRB register),A
17.15.NGPL,3,Bangalore,intermediate,TBD_step2b,TBD_step2b,,,NOT_SOURCED,NOT_SOURCED,NOT_SOURCED,,pipeline_name (PNGRB register),A
17.15.NGPL,4,Mangalore,terminus,TBD_step2b,TBD_step2b,,,NOT_SOURCED,NOT_SOURCED,NOT_SOURCED,,pipeline_name (PNGRB register),A
5.08.NGPL,1,Ennore,origin,TBD_step2b,TBD_step2b,,,NOT_SOURCED,NOT_SOURCED,NOT_SOURCED,,pipeline_name (PNGRB register),A
5.08.NGPL,2,Tuticorin,terminus,TBD_step2b,TBD_step2b,,,NOT_SOURCED,NOT_SOURCED,NOT_SOURCED,,pipeline_name (PNGRB register),A
17.20.NGPL,1,Jagdishpur,origin,TBD_step2b,TBD_step2b,,,NOT_SOURCED,NOT_SOURCED,NOT_SOURCED,,pipeline_name (PNGRB register),A
17.20.NGPL,2,Haldia,intermediate,TBD_step2b,TBD_step2b,,,NOT_SOURCED,NOT_SOURCED,NOT_SOURCED,,pipeline_name (PNGRB register),A
17.20.NGPL,3,Bokaro,intermediate,TBD_step2b,TBD_step2b,,,NOT_SOURCED,NOT_SOURCED,NOT_SOURCED,,pipeline_name (PNGRB register),A
17.20.NGPL,4,Dhamra,intermediate,TBD_step2b,TBD_step2b,,,NOT_SOURCED,NOT_SOURCED,NOT_SOURCED,,pipeline_name (PNGRB register),A
17.20.NGPL,5,Paradip,intermediate,TBD_step2b,TBD_step2b,,,NOT_SOURCED,NOT_SOURCED,NOT_SOURCED,,pipeline_name (PNGRB register),A
17.20.NGPL,6,Barauni,intermediate,TBD_step2b,TBD_step2b,,,NOT_SOURCED,NOT_SOURCED,NOT_SOURCED,,pipeline_name (PNGRB register),A
17.20.NGPL,7,Guwahati,terminus,TBD_step2b,TBD_step2b,,,NOT_SOURCED,NOT_SOURCED,NOT_SOURCED,,pipeline_name (PNGRB register),A
5.13.NGPL,1,Mumbai,origin,TBD_step2b,TBD_step2b,,,NOT_SOURCED,NOT_SOURCED,NOT_SOURCED,,pipeline_name (PNGRB register),A
5.13.NGPL,2,Nagpur,intermediate,TBD_step2b,TBD_step2b,,,NOT_SOURCED,NOT_SOURCED,NOT_SOURCED,,pipeline_name (PNGRB register),A
5.13.NGPL,3,Jharsuguda,terminus,TBD_step2b,TBD_step2b,,,NOT_SOURCED,NOT_SOURCED,NOT_SOURCED,,pipeline_name (PNGRB register),A
5.12.NGPL,1,Srikakulam,origin,TBD_step2b,TBD_step2b,,,NOT_SOURCED,NOT_SOURCED,NOT_SOURCED,,pipeline_name (PNGRB register),A
5.12.NGPL,2,Angul,terminus,TBD_step2b,TBD_step2b,,,NOT_SOURCED,NOT_SOURCED,NOT_SOURCED,,pipeline_name (PNGRB register),A
5.07.NGPL,1,Ennore,origin,TBD_step2b,TBD_step2b,,,NOT_SOURCED,NOT_SOURCED,NOT_SOURCED,,pipeline_name (PNGRB register),A
5.07.NGPL,2,Nellore,terminus,TBD_step2b,TBD_step2b,,,NOT_SOURCED,NOT_SOURCED,NOT_SOURCED,,pipeline_name (PNGRB register),A
5.10.NGPL,1,Kakinada,origin,TBD_step2b,TBD_step2b,,,NOT_SOURCED,NOT_SOURCED,NOT_SOURCED,,pipeline_name (PNGRB register),A
5.10.NGPL,2,Vijayawada,intermediate,TBD_step2b,TBD_step2b,,,NOT_SOURCED,NOT_SOURCED,NOT_SOURCED,,pipeline_name (PNGRB register),A
5.10.NGPL,3,Nellore,terminus,TBD_step2b,TBD_step2b,,,NOT_SOURCED,NOT_SOURCED,NOT_SOURCED,,pipeline_name (PNGRB register),A
5.11.NGPL,1,Kanai Chhata,origin,TBD_step2b,TBD_step2b,,,NOT_SOURCED,NOT_SOURCED,NOT_SOURCED,,"pipeline_name (PNGRB register), disambiguated by PNGRB NGPL register, 2 December 2022 release (https://www.pngrb.gov.in/data-bank/NGPL-02122022.pdf)",A
5.11.NGPL,2,Panitar,terminus,TBD_step2b,TBD_step2b,,,NOT_SOURCED,NOT_SOURCED,NOT_SOURCED,,"pipeline_name (PNGRB register), disambiguated by PNGRB NGPL register, 2 December 2022 release (https://www.pngrb.gov.in/data-bank/NGPL-02122022.pdf)",A
21.17.NGPL,1,Jamnagar,origin,TBD_step2b,TBD_step2b,,,NOT_SOURCED,NOT_SOURCED,NOT_SOURCED,,pipeline_name (PNGRB register),A
21.17.NGPL,2,Dwarka,terminus,TBD_step2b,TBD_step2b,,,NOT_SOURCED,NOT_SOURCED,NOT_SOURCED,,pipeline_name (PNGRB register),A
5.14.NGPL,1,Hazaribagh,origin,TBD_step2b,TBD_step2b,,,NOT_SOURCED,NOT_SOURCED,NOT_SOURCED,,pipeline_name (PNGRB register),A
5.14.NGPL,2,Ranchi,terminus,TBD_step2b,TBD_step2b,,,NOT_SOURCED,NOT_SOURCED,NOT_SOURCED,,pipeline_name (PNGRB register),A
5.15.NGPL,1,Gurdaspur,origin,TBD_step2b,TBD_step2b,,,NOT_SOURCED,NOT_SOURCED,NOT_SOURCED,,pipeline_name (PNGRB register),A
5.15.NGPL,2,Jammu,terminus,TBD_step2b,TBD_step2b,,,NOT_SOURCED,NOT_SOURCED,NOT_SOURCED,,pipeline_name (PNGRB register),A
