edge_id,pipeline_id,pipeline_name,operator_code,pipeline_category,status,segment_order,from_node_id,from_node_name,to_node_id,to_node_name,from_node_class,to_node_class,directed,direction_note,sequence_is_traversal,traversal_note,geometry_available,length_km,length_method,edge_status,gap_reason,edge_source,provenance_category
E001,17.03.NGPL,Hazira-Vijaipur-Jagdishpur -GREP (Gas Rehabilitation and Expansion Project)-Dahej-Vijaipur HVJ/VDPL,GAIL,Common Carrier,Operational,1,N023,Hazira,N055,Vijaipur,Interconnection,Interconnection,FALSE,"order as printed in the pipeline name; the register states no flow direction, and several of these lines reverse in operation",FALSE,merged authorization (HVJ + GREP + DVPL/VDPL); the printed order of places is not a single traversal,FALSE,NA,NA,gap_to_ambiguous,no coordinate for Vijaipur,"pipeline name, PNGRB register 20251231_NGPL.pdf",A (topology) + B (length)
E002,17.03.NGPL,Hazira-Vijaipur-Jagdishpur -GREP (Gas Rehabilitation and Expansion Project)-Dahej-Vijaipur HVJ/VDPL,GAIL,Common Carrier,Operational,2,N055,Vijaipur,N026,Jagdishpur,Interconnection,Interconnection,FALSE,"order as printed in the pipeline name; the register states no flow direction, and several of these lines reverse in operation",FALSE,merged authorization (HVJ + GREP + DVPL/VDPL); the printed order of places is not a single traversal,FALSE,NA,NA,gap_from_ambiguous,no coordinate for Vijaipur,"pipeline name, PNGRB register 20251231_NGPL.pdf",A (topology) + B (length)
E003,17.03.NGPL,Hazira-Vijaipur-Jagdishpur -GREP (Gas Rehabilitation and Expansion Project)-Dahej-Vijaipur HVJ/VDPL,GAIL,Common Carrier,Operational,3,N026,Jagdishpur,N014,Dahej,Interconnection,Interconnection,FALSE,"order as printed in the pipeline name; the register states no flow direction, and several of these lines reverse in operation",FALSE,merged authorization (HVJ + GREP + DVPL/VDPL); the printed order of places is not a single traversal,TRUE,991.064,"geodesic between two gazetteer settlement centroids, WGS 84 ellipsoid; NOT the routed length",drawable,,"pipeline name, PNGRB register 20251231_NGPL.pdf",A (topology) + B (length)
E004,17.11.NGPL,Dahej-Vijaipur (DVPL)-Vijaipur-Dadri (GREP) Upgradation DVPL 2 & VDPL,GAIL,Common Carrier,Operational,1,N014,Dahej,N055,Vijaipur,Interconnection,Interconnection,FALSE,"order as printed in the pipeline name; the register states no flow direction, and several of these lines reverse in operation",TRUE,,FALSE,NA,NA,gap_to_ambiguous,no coordinate for Vijaipur,"pipeline name, PNGRB register 20251231_NGPL.pdf",A (topology) + B (length)
E005,17.11.NGPL,Dahej-Vijaipur (DVPL)-Vijaipur-Dadri (GREP) Upgradation DVPL 2 & VDPL,GAIL,Common Carrier,Operational,2,N055,Vijaipur,N013,Dadri,Interconnection,Interconnection,FALSE,"order as printed in the pipeline name; the register states no flow direction, and several of these lines reverse in operation",TRUE,,FALSE,NA,NA,gap_from_ambiguous,no coordinate for Vijaipur,"pipeline name, PNGRB register 20251231_NGPL.pdf",A (topology) + B (length)
E006,17.04.NGPL,Kakinada-Hyderabad-Uran-Ahmedabad (East West Pipeline),PIL,Common Carrier,Operational,1,N031,Kakinada,N025,Hyderabad,Interconnection,IntermediateRoutePoint,FALSE,"order as printed in the pipeline name; the register states no flow direction, and several of these lines reverse in operation",TRUE,,TRUE,405.047,"geodesic between two gazetteer settlement centroids, WGS 84 ellipsoid; NOT the routed length",drawable,,"pipeline name, PNGRB register 20251231_NGPL.pdf",A (topology) + B (length)
E007,17.04.NGPL,Kakinada-Hyderabad-Uran-Ahmedabad (East West Pipeline),PIL,Common Carrier,Operational,2,N025,Hyderabad,N054,Uran,IntermediateRoutePoint,Interconnection,FALSE,"order as printed in the pipeline name; the register states no flow direction, and several of these lines reverse in operation",TRUE,,TRUE,606.782,"geodesic between two gazetteer settlement centroids, WGS 84 ellipsoid; NOT the routed length",drawable,,"pipeline name, PNGRB register 20251231_NGPL.pdf",A (topology) + B (length)
E008,17.04.NGPL,Kakinada-Hyderabad-Uran-Ahmedabad (East West Pipeline),PIL,Common Carrier,Operational,3,N054,Uran,N001,Ahmedabad,Interconnection,Terminal,FALSE,"order as printed in the pipeline name; the register states no flow direction, and several of these lines reverse in operation",TRUE,,TRUE,460.671,"geodesic between two gazetteer settlement centroids, WGS 84 ellipsoid; NOT the routed length",drawable,,"pipeline name, PNGRB register 20251231_NGPL.pdf",A (topology) + B (length)
E009,17.05.NGPL,Dahej-Uran-Panvel-Dabhol,GAIL,Common Carrier,Operational,1,N014,Dahej,N054,Uran,Interconnection,Interconnection,FALSE,"order as printed in the pipeline name; the register states no flow direction, and several of these lines reverse in operation",TRUE,,TRUE,315.821,"geodesic between two gazetteer settlement centroids, WGS 84 ellipsoid; NOT the routed length",drawable,,"pipeline name, PNGRB register 20251231_NGPL.pdf",A (topology) + B (length)
E010,17.05.NGPL,Dahej-Uran-Panvel-Dabhol,GAIL,Common Carrier,Operational,2,N054,Uran,N045,Panvel,Interconnection,IntermediateRoutePoint,FALSE,"order as printed in the pipeline name; the register states no flow direction, and several of these lines reverse in operation",TRUE,,TRUE,21.772,"geodesic between two gazetteer settlement centroids, WGS 84 ellipsoid; NOT the routed length",drawable,,"pipeline name, PNGRB register 20251231_NGPL.pdf",A (topology) + B (length)
E011,17.05.NGPL,Dahej-Uran-Panvel-Dabhol,GAIL,Common Carrier,Operational,3,N045,Panvel,N012,Dabhol,IntermediateRoutePoint,Interconnection,FALSE,"order as printed in the pipeline name; the register states no flow direction, and several of these lines reverse in operation",TRUE,,TRUE,155.03,"geodesic between two gazetteer settlement centroids, WGS 84 ellipsoid; NOT the routed length",drawable,,"pipeline name, PNGRB register 20251231_NGPL.pdf",A (topology) + B (length)
E012,17.10.NGPL,Dadri-Panipat,IOCL,Common Carrier,Operational,1,N013,Dadri,N043,Panipat,Interconnection,Terminal,FALSE,"order as printed in the pipeline name; the register states no flow direction, and several of these lines reverse in operation",TRUE,,TRUE,108.732,"geodesic between two gazetteer settlement centroids, WGS 84 ellipsoid; NOT the routed length",drawable,,"pipeline name, PNGRB register 20251231_NGPL.pdf",A (topology) + B (length)
E013,17.14.NGPL,Uran-Trombay,ONGC,Common Carrier,Operational,1,N054,Uran,N052,Trombay,Interconnection,Terminal,FALSE,"order as printed in the pipeline name; the register states no flow direction, and several of these lines reverse in operation",TRUE,,TRUE,14.109,"geodesic between two gazetteer settlement centroids, WGS 84 ellipsoid; NOT the routed length",drawable,,"pipeline name, PNGRB register 20251231_NGPL.pdf",A (topology) + B (length)
E014,18.02.NGPL,Hazira-Ankleshwar (HAPi),GGL,Common Carrier,Operational,1,N023,Hazira,N003,Ankleshwar,Interconnection,Terminal,FALSE,"order as printed in the pipeline name; the register states no flow direction, and several of these lines reverse in operation",TRUE,,TRUE,65.601,"geodesic between two gazetteer settlement centroids, WGS 84 ellipsoid; NOT the routed length",drawable,,"pipeline name, PNGRB register 20251231_NGPL.pdf",A (topology) + B (length)
E015,5.05.NGPL,Shahdol-Phulpur,RGPL,Common Carrier,Operational,1,N049,Shahdol,N047,Phulpur,Terminal,Terminal,FALSE,"order as printed in the pipeline name; the register states no flow direction, and several of these lines reverse in operation",TRUE,,TRUE,260.485,"geodesic between two gazetteer settlement centroids, WGS 84 ellipsoid; NOT the routed length",drawable,,"pipeline name, PNGRB register 20251231_NGPL.pdf",A (topology) + B (length)
E016,17.18.NGPL,Dukli - Maharajganj,GAIL,Common Carrier,Operational,1,N016,Dukli,N035,Maharajganj,Terminal,Terminal,FALSE,"order as printed in the pipeline name; the register states no flow direction, and several of these lines reverse in operation",TRUE,,FALSE,NA,NA,gap_to_unresolved,no coordinate for Maharajganj,"pipeline name, PNGRB register 20251231_NGPL.pdf",A (topology) + B (length)
E017,17.19.NGPL,Uran-Taloja,DFPCL,Common Carrier,Operational,1,N054,Uran,N051,Taloja,Interconnection,Terminal,FALSE,"order as printed in the pipeline name; the register states no flow direction, and several of these lines reverse in operation",TRUE,,TRUE,28.424,"geodesic between two gazetteer settlement centroids, WGS 84 ellipsoid; NOT the routed length",drawable,,"pipeline name, PNGRB register 20251231_NGPL.pdf",A (topology) + B (length)
E018,17.09.NGPL,Chainsa-Jhajjar-Hissar,GAIL,Common Carrier,Operational,1,N011,Chainsa,N029,Jhajjar,Terminal,IntermediateRoutePoint,FALSE,"order as printed in the pipeline name; the register states no flow direction, and several of these lines reverse in operation",TRUE,,FALSE,NA,NA,gap_from_unresolved,no coordinate for Chainsa,"pipeline name, PNGRB register 20251231_NGPL.pdf",A (topology) + B (length)
E019,17.09.NGPL,Chainsa-Jhajjar-Hissar,GAIL,Common Carrier,Operational,2,N029,Jhajjar,N024,Hissar,IntermediateRoutePoint,Terminal,FALSE,"order as printed in the pipeline name; the register states no flow direction, and several of these lines reverse in operation",TRUE,,TRUE,109.443,"geodesic between two gazetteer settlement centroids, WGS 84 ellipsoid; NOT the routed length",drawable,,"pipeline name, PNGRB register 20251231_NGPL.pdf",A (topology) + B (length)
E020,17.12.NGPL,Dadri-Bawana-Nangal,GAIL,Common Carrier,Operational,1,N013,Dadri,N006,Bawana,Interconnection,IntermediateRoutePoint,FALSE,"order as printed in the pipeline name; the register states no flow direction, and several of these lines reverse in operation",TRUE,,TRUE,57.633,"geodesic between two gazetteer settlement centroids, WGS 84 ellipsoid; NOT the routed length",drawable,,"pipeline name, PNGRB register 20251231_NGPL.pdf",A (topology) + B (length)
E021,17.12.NGPL,Dadri-Bawana-Nangal,GAIL,Common Carrier,Operational,2,N006,Bawana,N041,Nangal,IntermediateRoutePoint,Terminal,FALSE,"order as printed in the pipeline name; the register states no flow direction, and several of these lines reverse in operation",TRUE,,TRUE,294.202,"geodesic between two gazetteer settlement centroids, WGS 84 ellipsoid; NOT the routed length",drawable,,"pipeline name, PNGRB register 20251231_NGPL.pdf",A (topology) + B (length)
E022,5.01.NGPL,Mehsana-Bhatinda,GIGL,Common Carrier,Under Construction,1,N038,Mehsana,N007,Bhatinda,Terminal,Interconnection,FALSE,"order as printed in the pipeline name; the register states no flow direction, and several of these lines reverse in operation",TRUE,,TRUE,774.907,"geodesic between two gazetteer settlement centroids, WGS 84 ellipsoid; NOT the routed length",drawable,,"pipeline name, PNGRB register 20251231_NGPL.pdf",A (topology) + B (length)
E023,5.02.NGPL,Bhatinda-Gurdaspur,GIGL,Common Carrier,Under Construction,1,N007,Bhatinda,N019,Gurdaspur,Interconnection,Interconnection,FALSE,"order as printed in the pipeline name; the register states no flow direction, and several of these lines reverse in operation",TRUE,,TRUE,207.872,"geodesic between two gazetteer settlement centroids, WGS 84 ellipsoid; NOT the routed length",drawable,,"pipeline name, PNGRB register 20251231_NGPL.pdf",A (topology) + B (length)
E024,5.03.NGPL,Mallavaram-Bhopal-Bhilwara-Vijaipur,GITL,Common Carrier,Under Construction,1,N036,Mallavaram,N009,Bhopal,Terminal,IntermediateRoutePoint,FALSE,"order as printed in the pipeline name; the register states no flow direction, and several of these lines reverse in operation",TRUE,,TRUE,871.177,"geodesic between two gazetteer settlement centroids, WGS 84 ellipsoid; NOT the routed length",drawable,,"pipeline name, PNGRB register 20251231_NGPL.pdf",A (topology) + B (length)
E025,5.03.NGPL,Mallavaram-Bhopal-Bhilwara-Vijaipur,GITL,Common Carrier,Under Construction,2,N009,Bhopal,N008,Bhilwara,IntermediateRoutePoint,IntermediateRoutePoint,FALSE,"order as printed in the pipeline name; the register states no flow direction, and several of these lines reverse in operation",TRUE,,TRUE,363.749,"geodesic between two gazetteer settlement centroids, WGS 84 ellipsoid; NOT the routed length",drawable,,"pipeline name, PNGRB register 20251231_NGPL.pdf",A (topology) + B (length)
E026,5.03.NGPL,Mallavaram-Bhopal-Bhilwara-Vijaipur,GITL,Common Carrier,Under Construction,3,N008,Bhilwara,N055,Vijaipur,IntermediateRoutePoint,Interconnection,FALSE,"order as printed in the pipeline name; the register states no flow direction, and several of these lines reverse in operation",TRUE,,FALSE,NA,NA,gap_to_ambiguous,no coordinate for Vijaipur,"pipeline name, PNGRB register 20251231_NGPL.pdf",A (topology) + B (length)
E027,17.16.NGPL,Dabhol-Bangalore,GAIL,Common Carrier,Under Construction,1,N012,Dabhol,N004,Bangalore,Interconnection,Interconnection,FALSE,"order as printed in the pipeline name; the register states no flow direction, and several of these lines reverse in operation",TRUE,,TRUE,696.9,"geodesic between two gazetteer settlement centroids, WGS 84 ellipsoid; NOT the routed length",drawable,,"pipeline name, PNGRB register 20251231_NGPL.pdf",A (topology) + B (length)
E028,17.15.NGPL,Kochi-Koottanad-Bangalore-Mangalore,GAIL,Common Carrier,Under Construction,1,N033,Kochi,N034,Koottanad,Terminal,IntermediateRoutePoint,FALSE,"order as printed in the pipeline name; the register states no flow direction, and several of these lines reverse in operation",TRUE,,TRUE,91.827,"geodesic between two gazetteer settlement centroids, WGS 84 ellipsoid; NOT the routed length",drawable,,"pipeline name, PNGRB register 20251231_NGPL.pdf",A (topology) + B (length)
E029,17.15.NGPL,Kochi-Koottanad-Bangalore-Mangalore,GAIL,Common Carrier,Under Construction,2,N034,Koottanad,N004,Bangalore,IntermediateRoutePoint,Interconnection,FALSE,"order as printed in the pipeline name; the register states no flow direction, and several of these lines reverse in operation",TRUE,,TRUE,293.066,"geodesic between two gazetteer settlement centroids, WGS 84 ellipsoid; NOT the routed length",drawable,,"pipeline name, PNGRB register 20251231_NGPL.pdf",A (topology) + B (length)
E030,17.15.NGPL,Kochi-Koottanad-Bangalore-Mangalore,GAIL,Common Carrier,Under Construction,3,N004,Bangalore,N037,Mangalore,Interconnection,Terminal,FALSE,"order as printed in the pipeline name; the register states no flow direction, and several of these lines reverse in operation",TRUE,,TRUE,297.12,"geodesic between two gazetteer settlement centroids, WGS 84 ellipsoid; NOT the routed length",drawable,,"pipeline name, PNGRB register 20251231_NGPL.pdf",A (topology) + B (length)
E031,5.08.NGPL,Ennore-Tuticorin,IOCL,Common Carrier,Under Construction,1,N018,Ennore,N053,Tuticorin,Interconnection,Terminal,FALSE,"order as printed in the pipeline name; the register states no flow direction, and several of these lines reverse in operation",TRUE,,TRUE,550.506,"geodesic between two gazetteer settlement centroids, WGS 84 ellipsoid; NOT the routed length",drawable,,"pipeline name, PNGRB register 20251231_NGPL.pdf",A (topology) + B (length)
E032,17.20.NGPL,Jagdishpur-Haldia-Bokaro Dhamra-Paradip-Barauni-Guwahati,GAIL,Common Carrier,Under Construction,1,N026,Jagdishpur,N021,Haldia,Interconnection,IntermediateRoutePoint,FALSE,"order as printed in the pipeline name; the register states no flow direction, and several of these lines reverse in operation",FALSE,known branching trunk (JHBDPL / Urja Ganga); the printed order is not a single traversal,TRUE,888.168,"geodesic between two gazetteer settlement centroids, WGS 84 ellipsoid; NOT the routed length",drawable,,"pipeline name, PNGRB register 20251231_NGPL.pdf",A (topology) + B (length)
E033,17.20.NGPL,Jagdishpur-Haldia-Bokaro Dhamra-Paradip-Barauni-Guwahati,GAIL,Common Carrier,Under Construction,2,N021,Haldia,N010,Bokaro,IntermediateRoutePoint,IntermediateRoutePoint,FALSE,"order as printed in the pipeline name; the register states no flow direction, and several of these lines reverse in operation",FALSE,known branching trunk (JHBDPL / Urja Ganga); the printed order is not a single traversal,TRUE,268.556,"geodesic between two gazetteer settlement centroids, WGS 84 ellipsoid; NOT the routed length",drawable,,"pipeline name, PNGRB register 20251231_NGPL.pdf",A (topology) + B (length)
E034,17.20.NGPL,Jagdishpur-Haldia-Bokaro Dhamra-Paradip-Barauni-Guwahati,GAIL,Common Carrier,Under Construction,3,N010,Bokaro,N015,Dhamra,IntermediateRoutePoint,IntermediateRoutePoint,FALSE,"order as printed in the pipeline name; the register states no flow direction, and several of these lines reverse in operation",FALSE,known branching trunk (JHBDPL / Urja Ganga); the printed order is not a single traversal,TRUE,327.363,"geodesic between two gazetteer settlement centroids, WGS 84 ellipsoid; NOT the routed length",drawable,,"pipeline name, PNGRB register 20251231_NGPL.pdf",A (topology) + B (length)
E035,17.20.NGPL,Jagdishpur-Haldia-Bokaro Dhamra-Paradip-Barauni-Guwahati,GAIL,Common Carrier,Under Construction,4,N015,Dhamra,N046,Paradip,IntermediateRoutePoint,IntermediateRoutePoint,FALSE,"order as printed in the pipeline name; the register states no flow direction, and several of these lines reverse in operation",FALSE,known branching trunk (JHBDPL / Urja Ganga); the printed order is not a single traversal,TRUE,60.294,"geodesic between two gazetteer settlement centroids, WGS 84 ellipsoid; NOT the routed length",drawable,,"pipeline name, PNGRB register 20251231_NGPL.pdf",A (topology) + B (length)
E036,17.20.NGPL,Jagdishpur-Haldia-Bokaro Dhamra-Paradip-Barauni-Guwahati,GAIL,Common Carrier,Under Construction,5,N046,Paradip,N005,Barauni,IntermediateRoutePoint,IntermediateRoutePoint,FALSE,"order as printed in the pipeline name; the register states no flow direction, and several of these lines reverse in operation",FALSE,known branching trunk (JHBDPL / Urja Ganga); the printed order is not a single traversal,TRUE,579.265,"geodesic between two gazetteer settlement centroids, WGS 84 ellipsoid; NOT the routed length",drawable,,"pipeline name, PNGRB register 20251231_NGPL.pdf",A (topology) + B (length)
E037,17.20.NGPL,Jagdishpur-Haldia-Bokaro Dhamra-Paradip-Barauni-Guwahati,GAIL,Common Carrier,Under Construction,6,N005,Barauni,N020,Guwahati,IntermediateRoutePoint,Terminal,FALSE,"order as printed in the pipeline name; the register states no flow direction, and several of these lines reverse in operation",FALSE,known branching trunk (JHBDPL / Urja Ganga); the printed order is not a single traversal,TRUE,583.823,"geodesic between two gazetteer settlement centroids, WGS 84 ellipsoid; NOT the routed length",drawable,,"pipeline name, PNGRB register 20251231_NGPL.pdf",A (topology) + B (length)
E038,5.13.NGPL,Mumbai-Nagpur-Jharsuguda,GAIL,Common Carrier,Under Construction,1,N039,Mumbai,N040,Nagpur,Terminal,IntermediateRoutePoint,FALSE,"order as printed in the pipeline name; the register states no flow direction, and several of these lines reverse in operation",TRUE,,TRUE,687.942,"geodesic between two gazetteer settlement centroids, WGS 84 ellipsoid; NOT the routed length",drawable,,"pipeline name, PNGRB register 20251231_NGPL.pdf",A (topology) + B (length)
E039,5.13.NGPL,Mumbai-Nagpur-Jharsuguda,GAIL,Common Carrier,Under Construction,2,N040,Nagpur,N030,Jharsuguda,IntermediateRoutePoint,Terminal,FALSE,"order as printed in the pipeline name; the register states no flow direction, and several of these lines reverse in operation",TRUE,,TRUE,516.004,"geodesic between two gazetteer settlement centroids, WGS 84 ellipsoid; NOT the routed length",drawable,,"pipeline name, PNGRB register 20251231_NGPL.pdf",A (topology) + B (length)
E040,5.12.NGPL,Srikakulam-Angul,GAIL,Common Carrier,Under Construction,1,N050,Srikakulam,N002,Angul,Terminal,Terminal,FALSE,"order as printed in the pipeline name; the register states no flow direction, and several of these lines reverse in operation",TRUE,,TRUE,308.466,"geodesic between two gazetteer settlement centroids, WGS 84 ellipsoid; NOT the routed length",drawable,,"pipeline name, PNGRB register 20251231_NGPL.pdf",A (topology) + B (length)
E041,5.07.NGPL,Ennore - Nellore,GTIL,Common Carrier,Under Construction,1,N018,Ennore,N042,Nellore,Interconnection,Interconnection,FALSE,"order as printed in the pipeline name; the register states no flow direction, and several of these lines reverse in operation",TRUE,,TRUE,138.056,"geodesic between two gazetteer settlement centroids, WGS 84 ellipsoid; NOT the routed length",drawable,,"pipeline name, PNGRB register 20251231_NGPL.pdf",A (topology) + B (length)
E042,5.10.NGPL,Kakinada-Vijayawada-Nellore,IMC,Common Carrier,Under Construction,1,N031,Kakinada,N056,Vijayawada,Interconnection,IntermediateRoutePoint,FALSE,"order as printed in the pipeline name; the register states no flow direction, and several of these lines reverse in operation",TRUE,,TRUE,176.954,"geodesic between two gazetteer settlement centroids, WGS 84 ellipsoid; NOT the routed length",drawable,,"pipeline name, PNGRB register 20251231_NGPL.pdf",A (topology) + B (length)
E043,5.10.NGPL,Kakinada-Vijayawada-Nellore,IMC,Common Carrier,Under Construction,2,N056,Vijayawada,N042,Nellore,IntermediateRoutePoint,Interconnection,FALSE,"order as printed in the pipeline name; the register states no flow direction, and several of these lines reverse in operation",TRUE,,TRUE,238.421,"geodesic between two gazetteer settlement centroids, WGS 84 ellipsoid; NOT the routed length",drawable,,"pipeline name, PNGRB register 20251231_NGPL.pdf",A (topology) + B (length)
E044,5.11.NGPL,Kanai - Chhata - Panitar,HPPL,Common Carrier,Under Construction,1,N032,Kanai Chhata,N044,Panitar,Terminal,Terminal,FALSE,"order as printed in the pipeline name; the register states no flow direction, and several of these lines reverse in operation",TRUE,,FALSE,NA,NA,gap_both_unresolved (unresolved/unresolved),no coordinate for Kanai Chhata and Panitar,"pipeline name, PNGRB register 20251231_NGPL.pdf",A (topology) + B (length)
E045,21.17.NGPL,Jamnagar to Dwarka (Gujarat),GSPL,Common Carrier,Under Construction,1,N028,Jamnagar,N017,Dwarka,Terminal,Terminal,FALSE,"order as printed in the pipeline name; the register states no flow direction, and several of these lines reverse in operation",TRUE,,TRUE,116.109,"geodesic between two gazetteer settlement centroids, WGS 84 ellipsoid; NOT the routed length",drawable,,"pipeline name, PNGRB register 20251231_NGPL.pdf",A (topology) + B (length)
E046,5.14.NGPL,Hazaribagh-Ranchi,IOCL,Common Carrier,Under Construction,1,N022,Hazaribagh,N048,Ranchi,Terminal,Terminal,FALSE,"order as printed in the pipeline name; the register states no flow direction, and several of these lines reverse in operation",TRUE,,TRUE,72.104,"geodesic between two gazetteer settlement centroids, WGS 84 ellipsoid; NOT the routed length",drawable,,"pipeline name, PNGRB register 20251231_NGPL.pdf",A (topology) + B (length)
E047,5.15.NGPL,Gurdaspur-Jammu,GAIL,Common Carrier,Under Construction,1,N019,Gurdaspur,N027,Jammu,Interconnection,Terminal,FALSE,"order as printed in the pipeline name; the register states no flow direction, and several of these lines reverse in operation",TRUE,,TRUE,92.479,"geodesic between two gazetteer settlement centroids, WGS 84 ellipsoid; NOT the routed length",drawable,,"pipeline name, PNGRB register 20251231_NGPL.pdf",A (topology) + B (length)
